{"cameraMode":{"drawMode":0,"name":"Shaded","section":"Shading Mode"},"sceneLighting":false,"audioPlay":false,"sceneViewState":{"showFog":true,"showMaterialUpdate":true,"showSkybox":true,"showFlares":true,"showImageEffects":true,"showParticleSystems":true},"in2DMode":false,"pivot":{"x":0.37519213557243349,"y":0.24109876155853272,"z":1.1385295391082764},"rotation":{"x":0.175673246383667,"y":0.08877993375062943,"z":-0.015908673405647279,"w":0.9803081154823303},"size":3.7578835487365724,"orthographic":false}