{"cameraMode":{"drawMode":0,"name":"Shaded","section":"Shading Mode"},"sceneLighting":false,"audioPlay":false,"sceneViewState":{"showFog":true,"showMaterialUpdate":true,"showSkybox":true,"showFlares":true,"showImageEffects":true,"showParticleSystems":true},"in2DMode":false,"pivot":{"x":570.9090576171875,"y":-190.89866638183595,"z":77.45098876953125},"rotation":{"x":0.12463663518428803,"y":0.651576578617096,"z":-0.10971495509147644,"w":0.7401866912841797},"size":624.5193481445313,"orthographic":false}