{"cameraMode":{"drawMode":0,"name":"Shaded","section":"Shading Mode"},"sceneLighting":false,"audioPlay":false,"sceneViewState":{"showFog":true,"showMaterialUpdate":true,"showSkybox":true,"showFlares":true,"showImageEffects":true,"showParticleSystems":true},"in2DMode":false,"pivot":{"x":699.6084594726563,"y":-297.7799072265625,"z":5.908698558807373},"rotation":{"x":0.14524435997009278,"y":0.6886561512947083,"z":-0.14377440512180329,"w":0.6956907510757446},"size":805.22314453125,"orthographic":false}