{"cameraMode":{"drawMode":0,"name":"Shaded","section":"Shading Mode"},"sceneLighting":false,"audioPlay":false,"sceneViewState":{"showFog":true,"showMaterialUpdate":true,"showSkybox":true,"showFlares":true,"showImageEffects":true,"showParticleSystems":true},"in2DMode":false,"pivot":{"x":3.4639692306518556,"y":1.43792724609375,"z":-1.2881174087524415},"rotation":{"x":0.10772141814231873,"y":0.8718468546867371,"z":-0.22197900712490083,"w":0.4230892062187195},"size":19.773799896240236,"orthographic":false}