{"cameraMode":{"drawMode":0,"name":"Shaded","section":"Shading Mode"},"sceneLighting":false,"audioPlay":false,"sceneViewState":{"showFog":true,"showMaterialUpdate":true,"showSkybox":true,"showFlares":true,"showImageEffects":true,"showParticleSystems":true},"in2DMode":false,"pivot":{"x":0.5679380893707275,"y":0.5173072814941406,"z":0.11597728729248047},"rotation":{"x":0.14541012048721314,"y":0.3288618326187134,"z":-0.051324278116226199,"w":0.9317036867141724},"size":5.857884883880615,"orthographic":false}